{
  "no_sampling": {
    "condition": "no-sampling",
    "total": 8,
    "correct": 3,
    "incorrect": 5,
    "accuracy": 0.375,
    "entropy_metrics": {
      "predictive_entropy": [
        11.598187182098627,
        1.3184012800455094,
        6.682191803306341,
        0.2102140948176384,
        10.895176358520985,
        5.562158213928342,
        2.3520375058054923,
        3.696182968467474
      ],
      "semantic_entropy": [
        2.302585091994046,
        1.0888999749452237,
        1.4978661361769956,
        0.32508297319144824,
        2.1639556559820567,
        1.7480673478460895,
        0.6390318593501769,
        1.2275294109572128
      ],
      "sta_predictive": [
        11.598187182098627,
        1.3184012800455094,
        6.682191803306341,
        0.2102140948176384,
        10.895176358520985,
        5.562158213928342,
        2.3520375058054923,
        3.696182968467474
      ],
      "sta_semantic": [
        2.302585091994046,
        1.0888999749452237,
        1.4978661361769956,
        0.32508297319144824,
        2.1639556559820567,
        1.7480673478460895,
        0.6390318593501769,
        1.2275294109572128
      ]
    },
    "confidence_metrics": {
      "avg_prob": [
        0.015249712129916573,
        0.5872343323864522,
        0.5056984290727715,
        0.848204328516152,
        0.06256049025760717,
        0.058060744442963406,
        0.8000698318505968,
        0.07278200681794338
      ],
      "min_prob": [
        2.5110519269144166e-21,
        0.006351111629348257,
        6.58354088596873e-15,
        0.28260274627831095,
        1.399781680698155e-15,
        2.7796354215748157e-06,
        8.734372554600194e-08,
        6.786957498543817e-05
      ],
      "max_prob": [
        0.12069039046764374,
        0.939024806022644,
        0.8990601301193237,
        0.911048948764801,
        0.27135908603668213,
        0.17373129725456238,
        1.0,
        0.17334124190787922
      ]
    },
    "correct_entropy": {
      "predictive_entropy": [
        6.682191803306341,
        0.2102140948176384,
        2.3520375058054923
      ],
      "semantic_entropy": [
        1.4978661361769956,
        0.32508297319144824,
        0.6390318593501769
      ],
      "sta_predictive": [
        6.682191803306341,
        0.2102140948176384,
        2.3520375058054923
      ],
      "sta_semantic": [
        1.4978661361769956,
        0.32508297319144824,
        0.6390318593501769
      ]
    },
    "incorrect_entropy": {
      "predictive_entropy": [
        11.598187182098627,
        1.3184012800455094,
        10.895176358520985,
        5.562158213928342,
        3.696182968467474
      ],
      "semantic_entropy": [
        2.302585091994046,
        1.0888999749452237,
        2.1639556559820567,
        1.7480673478460895,
        1.2275294109572128
      ],
      "sta_predictive": [
        11.598187182098627,
        1.3184012800455094,
        10.895176358520985,
        5.562158213928342,
        3.696182968467474
      ],
      "sta_semantic": [
        2.302585091994046,
        1.0888999749452237,
        2.1639556559820567,
        1.7480673478460895,
        1.2275294109572128
      ]
    },
    "correct_confidence": {
      "avg_prob": [
        0.5056984290727715,
        0.848204328516152,
        0.8000698318505968
      ],
      "min_prob": [
        6.58354088596873e-15,
        0.28260274627831095,
        8.734372554600194e-08
      ],
      "max_prob": [
        0.8990601301193237,
        0.911048948764801,
        1.0
      ]
    },
    "incorrect_confidence": {
      "avg_prob": [
        0.015249712129916573,
        0.5872343323864522,
        0.06256049025760717,
        0.058060744442963406,
        0.07278200681794338
      ],
      "min_prob": [
        2.5110519269144166e-21,
        0.006351111629348257,
        1.399781680698155e-15,
        2.7796354215748157e-06,
        6.786957498543817e-05
      ],
      "max_prob": [
        0.12069039046764374,
        0.939024806022644,
        0.27135908603668213,
        0.17373129725456238,
        0.17334124190787922
      ]
    },
    "step_entropies": [
      1.1729446232318879,
      0.5455206632614136,
      6.5138064324855804,
      5.786599926650524,
      6.368054267764092,
      8.670217156410217,
      12.422361099720002,
      20.76029548794031,
      0.7086703300476074,
      1.0812357664108276,
      5.350759619474411,
      8.015119388699532,
      8.164549133181572,
      7.677691929042339,
      13.96489138007164,
      2.984889194369316,
      2.159210206568241,
      0.7234572172164917,
      -0.0,
      -0.0,
      -0.0,
      -0.0,
      -0.0,
      -0.0,
      -0.0,
      -0.0,
      -0.0,
      -0.0,
      -0.0,
      -0.0,
      -0.0,
      -0.0,
      -0.0,
      -0.0,
      -0.0,
      -0.0,
      -0.0,
      -0.0,
      -0.0,
      -0.0,
      -0.0,
      -0.0,
      -0.0,
      -0.0,
      -0.0,
      -0.0,
      -0.0,
      -0.0,
      0.09361176192760468,
      0.9816634058952332,
      5.518583714962006,
      1.1791620254516602,
      1.7772794246673584,
      4.6922600865364075,
      17.108654929697515,
      9.474638484418392,
      0.1312529444694519,
      0.9668699502944946,
      5.394589701294899,
      1.1514730900526047,
      1.4142014890909196,
      4.8063130378723145,
      7.643847154080868,
      3.2511219680309296,
      3.430302785336971,
      0.1312529444694519,
      7.389251258969307,
      9.980029582977295,
      6.416649037599564,
      5.3013512790203094,
      13.712003878876567,
      9.297314673662186,
      0.11093226820230484,
      0.9816634058952332,
      5.030187052488327,
      7.602999314665794,
      6.513856294751167,
      6.9518606550991535,
      11.912000711262227,
      3.4028516560792923,
      22.69737092256546,
      18.809786051511765,
      15.211662786453962,
      28.701433204114437,
      0.6328554630279541,
      0.9816634058952332,
      5.332984122633934,
      7.998158872127533,
      7.425759325921535,
      4.568447731435299,
      19.0955067679286,
      62.21324856579304,
      0.6214546263217926,
      1.0812357664108276,
      4.195236302912235,
      1.1791620254516602,
      8.628295549750328,
      7.309056639671326,
      8.167886221408844,
      6.893747560679913,
      15.38488906621933,
      0.2327239066362381,
      0.2578697204589844,
      0.5919954776763916,
      0.11037923395633698,
      0.6054410934448242,
      -0.0,
      2.578889846801758,
      -0.0,
      -0.0,
      -0.0,
      -0.0,
      -0.0,
      -0.0
    ],
    "action_entropies": [
      0.5455206632614136,
      5.786599926650524,
      8.670217156410217,
      20.76029548794031,
      1.0812357664108276,
      8.015119388699532,
      7.677691929042339,
      2.984889194369316,
      0.7234572172164917,
      -0.0,
      -0.0,
      -0.0,
      -0.0,
      -0.0,
      -0.0,
      -0.0,
      -0.0,
      -0.0,
      -0.0,
      -0.0,
      -0.0,
      -0.0,
      -0.0,
      -0.0,
      0.9816634058952332,
      1.1791620254516602,
      4.6922600865364075,
      9.474638484418392,
      0.9668699502944946,
      1.1514730900526047,
      4.8063130378723145,
      3.2511219680309296,
      0.1312529444694519,
      9.980029582977295,
      5.3013512790203094,
      9.297314673662186,
      0.9816634058952332,
      7.602999314665794,
      6.9518606550991535,
      3.4028516560792923,
      18.809786051511765,
      28.701433204114437,
      0.9816634058952332,
      7.998158872127533,
      4.568447731435299,
      62.21324856579304,
      1.0812357664108276,
      1.1791620254516602,
      7.309056639671326,
      6.893747560679913,
      0.2327239066362381,
      0.5919954776763916,
      0.6054410934448242,
      2.578889846801758,
      -0.0,
      -0.0,
      -0.0
    ],
    "tool_entropies": []
  },
  "samples5": {
    "condition": "samples5",
    "total": 8,
    "correct": 3,
    "incorrect": 5,
    "accuracy": 0.375,